{
  "project_info": {
    "project_number": "40761641715",
    "firebase_url": "https://thirdeye-7a6d6-default-rtdb.firebaseio.com",
    "project_id": "thirdeye-7a6d6",
    "storage_bucket": "thirdeye-7a6d6.appspot.com"
  },
  "client": [
    {
      "client_info": {
        "mobilesdk_app_id": "1:40761641715:android:5eb21eb9c00f46141ac586",
        "android_client_info": {
          "package_name": "com.example.thireyeapp"
        }
      },
      "oauth_client": [],
      "api_key": [
        {
          "current_key": "AIzaSyC36z10TDJWWtltuJCKfcfhM61XcwQl4Do"
        }
      ],
      "services": {
        "appinvite_service": {
          "other_platform_oauth_client": []
        }
      }
    }
  ],
  "configuration_version": "1"
}