{
  "project_info": {
    "project_number": "997093672072",
    "project_id": "thirdeye-92ca9",
    "storage_bucket": "thirdeye-92ca9.appspot.com"
  },
  "client": [
    {
      "client_info": {
        "mobilesdk_app_id": "1:997093672072:android:e496ed1c3639486fa68b3d",
        "android_client_info": {
          "package_name": "com.example.thireyeapp"
        }
      },
      "oauth_client": [],
      "api_key": [
        {
          "current_key": "AIzaSyCwGMU6NbPFKwW33LPv4Eh6ZDdtAavyWmU"
        }
      ],
      "services": {
        "appinvite_service": {
          "other_platform_oauth_client": []
        }
      }
    }
  ],
  "configuration_version": "1"
}