{
  "project_info": {
    "project_number": "574245050299",
    "project_id": "thirdeyesample",
    "storage_bucket": "thirdeyesample.appspot.com"
  },
  "client": [
    {
      "client_info": {
        "mobilesdk_app_id": "1:574245050299:android:d627a7160e25da06f8d69e",
        "android_client_info": {
          "package_name": "com.example.thireyeapp"
        }
      },
      "oauth_client": [],
      "api_key": [
        {
          "current_key": "AIzaSyAFLMca-6H_0BlpQJwq0y2ShqiPogLRNJ0"
        }
      ],
      "services": {
        "appinvite_service": {
          "other_platform_oauth_client": []
        }
      }
    }
  ],
  "configuration_version": "1"
}